{
  "assetsByChunkName": {
    "vendors~app-account~app-confirmation~app-order": "chunk.71b4338a8ba2b09dcc15.js",
    "vendors~app-account~app-checkout": "chunk.03865a9e2adcdaee1943.js",
    "vendors~app-cart~app-checkout": "chunk.54316e7396a7b7b54dab.js",
    "admin": [
      "admin.3ea2bf426f97f0c96953.js",
      "admin.3ea2bf426f97f0c96953.js.map"
    ],
    "app-account": "chunk.9797d57a49ef88abdb06.js",
    "app-checkout": "chunk.40db7a71ea2541fa84bd.js",
    "app-confirmation": "chunk.991c18c5baf7d1823ae6.js",
    "checkout": [
      "checkout.fa565ca1a0a2518145af.js",
      "checkout.fa565ca1a0a2518145af.js.map"
    ],
    "storefront": [
      "storefront.a2679f57473469f377d9.css",
      "storefront.2c3e9bdaebb404adbd9a.js",
      "storefront.a2679f57473469f377d9.css.map",
      "storefront.2c3e9bdaebb404adbd9a.js.map"
    ],
    "vendors~app-cart": "chunk.cba6822fa22650d7e53e.js",
    "vendors~app-order": "chunk.011b7b0798ad7f6bc20a.js"
  }
}